name,addr:postcode,operator,website,_region,latitude,longitude,dist_train_m,score_train,dist_tram_m,score_tram,dist_bus_m,score_bus,accessibility_score,sa2_name,sa3_name,region,irsd_decile,irsd_score
Tullamarine Football Club,,,https://www.tullamarinefc.org.au/,Melbourne NW,-37.7026577,144.875213,3581.88728549322,0.0,1840.12727425986,0.0,376.2545101689931,100.0,25.0,Tullamarine,Tullamarine - Broadmeadows,Greater Melbourne,3.0,968.8273737
Werribee Football Club,,,,Melbourne NW,-37.904328,144.6522896,858.2031513326573,92.72460608341784,24410.31102094334,0.0,204.7531906445889,100.0,66.7,Werribee - South,Wyndham,Greater Melbourne,5.0,1005.075015
Arden Street Oval,,,,Melbourne NW,-37.79898031096704,144.94146672679878,230.32392092529975,100.0,431.44665803527323,100.0,258.63694841814254,100.0,100.0,North Melbourne,Melbourne City,Greater Melbourne,4.0,980.6817516
Nipper Jordan Oval,,,,Melbourne NW,-37.74481839534473,144.89664774709766,1975.779359206771,0.0,567.2267063236868,100.0,474.84653882982576,81.28836529254356,50.3,Essendon (West) - Aberfeldie,Essendon,Greater Melbourne,9.0,1073.070064
Williamstown Football Ground,,,,Melbourne NW,-37.8712839400525,144.90347001965367,424.50021271507603,100.0,4252.35288282741,0.0,356.5312240287122,100.0,70.0,Williamstown,Hobsons Bay,Greater Melbourne,9.0,1066.86909
Walsh Oval,,,,Melbourne NW,-37.766002343443056,144.90434878621764,1300.054783866964,37.493152016629494,495.72003470570417,100.0,124.80316664578565,100.0,71.9,Moonee Ponds,Essendon,Greater Melbourne,9.0,1067.226639
Monk Oval,,,,Melbourne NW,-37.76709014306677,144.90377017914184,1358.3558722795483,30.205515965056463,364.6954834752654,100.0,138.56201904244386,100.0,68.6,Moonee Ponds,Essendon,Greater Melbourne,9.0,1067.226639
Mervyn G Hughes Oval,,,,Melbourne NW,-37.78938671543028,144.8997697825514,634.8261399089627,100.0,639.8794587537425,93.35342354104293,85.8752047715073,100.0,98.0,Footscray,Maribyrnong,Greater Melbourne,4.0,986.6255902
Tony Dodemaide Oval,3011,,,Melbourne NW,-37.79159777420302,144.8994313137378,772.0257806174427,100.0,482.7295576650913,100.0,159.39618433373698,100.0,100.0,Footscray,Maribyrnong,Greater Melbourne,4.0,986.6255902
Glenroy Football Club,,,,Melbourne NW,-37.70841230486249,144.93409121172706,1507.4510319851506,11.568621001856172,3376.291604998156,0.0,164.8135169125493,100.0,30.2,Glenroy - East,Moreland - North,Greater Melbourne,2.0,945.1619585
North Port Oval,,,,Melbourne NW,-37.83076007743698,144.94214543201477,1560.0235864560473,4.997051692994092,297.79507266236385,100.0,104.0325859116328,100.0,57.2,Port Melbourne Industrial,Port Phillip,Greater Melbourne,9.0,1083.802364
Sid McGain Oval,,,,Melbourne NW,-37.72740998527848,144.9211221774785,660.9387124463997,100.0,2126.819175169131,0.0,325.9562949980734,100.0,70.0,Strathmore,Keilor,Greater Melbourne,10.0,1089.215045
Skinner Reserve,,,,Melbourne NW,-37.78715277311967,144.85523570575816,1466.2699939912625,16.716250751092186,2715.8074521546696,0.0,198.8420474557799,100.0,32.5,Braybrook,Maribyrnong,Greater Melbourne,2.0,925.0803233
Clifton Park,,,,Melbourne NW,-37.75635768127863,144.8912644586292,2170.293715100157,0.0,1377.435803610794,0.0,243.6801440955856,100.0,25.0,Essendon (West) - Aberfeldie,Essendon,Greater Melbourne,9.0,1073.070064
Melton Football Ground,,,,Melbourne NW,-37.68552491240779,144.59053737878205,2555.6426369529836,0.0,26651.474579855825,0.0,411.79801312742205,97.05049671814449,24.3,Melton,Melton - Bacchus Marsh,Greater Melbourne,1.0,849.358245
Keith Miller Oval,,,,Melbourne NW,-37.795823900829305,144.8361394924749,776.8488579151398,100.0,4653.721953461455,0.0,77.06771290397484,100.0,70.0,Sunshine,Brimbank,Greater Melbourne,2.0,931.133211
Bryan Martin Oval,,,,Melbourne NW,-37.84519328740942,144.8807788728747,124.46021281844907,100.0,4602.644325758793,0.0,314.3545097584486,100.0,70.0,Newport,Hobsons Bay,Greater Melbourne,9.0,1074.894897
Gaynor Reserve,,,,Melbourne NW,-37.68890176514241,144.89950560781872,1523.4542094344936,9.568223820688305,2878.116846335361,0.0,114.57042903351488,100.0,29.3,Gladstone Park - Westmeadows,Tullamarine - Broadmeadows,Greater Melbourne,4.0,979.0166167
Shehan Oval,,,,Melbourne NW,-37.834961127153115,144.916122694812,2640.264652678729,0.0,1604.0983204446309,0.0,180.10343251468865,100.0,25.0,Port Melbourne Industrial,Port Phillip,Greater Melbourne,9.0,1083.802364
Highgate Stadium,,,,Melbourne NW,-37.576805125160476,144.92338131548138,3275.7921807064,0.0,15483.436986080902,0.0,132.57424746157346,100.0,25.0,Craigieburn - North,Tullamarine - Broadmeadows,Greater Melbourne,3.0,968.1029565
Willowbrook Oval,,,,Melbourne NW,-37.67570272805134,144.8836199189395,3187.153541729214,0.0,4278.707917443604,0.0,331.4753533026207,100.0,25.0,Gladstone Park - Westmeadows,Tullamarine - Broadmeadows,Greater Melbourne,4.0,979.0166167
Cyril Curtain Reserve,,,,Melbourne NW,-37.87124141315567,144.90348481971134,419.6422799227608,100.0,4247.8108503505255,0.0,352.1778302183063,100.0,70.0,Williamstown,Hobsons Bay,Greater Melbourne,9.0,1066.86909
Joseph Brown Oval,,,,Melbourne NW,-37.71750283460491,144.8340202128248,3757.6677593359977,0.0,5005.964021248617,0.0,194.53476345163688,100.0,25.0,Keilor,Keilor,Greater Melbourne,8.0,1052.264046
Featherbrook Oval,,,,Melbourne NW,-37.89974286310423,144.73017124981428,3131.2155642534967,0.0,18545.14180078621,0.0,244.05190705683262,100.0,25.0,Point Cook - South,Wyndham,Greater Melbourne,9.0,1072.377869
Essendon Football Club Headquarters,,,https://www.essendonfc.com.au/club/contact-us,Melbourne NW,-37.69076127009468,144.87033555003836,3965.69550012215,0.0,3124.6627088501523,0.0,169.23995663061282,100.0,25.0,Melbourne Airport,Tullamarine - Broadmeadows,Greater Melbourne,8.0,1064.104799
J W Woodruff Oval,,,,Melbourne NW,-37.83254110642629,144.93089919453863,2388.087809516316,0.0,747.3903457035863,75.43494238273563,137.4144448704708,100.0,47.6,Port Melbourne Industrial,Port Phillip,Greater Melbourne,9.0,1083.802364
A T Aanensen Oval,,,,Melbourne NW,-37.83271674917784,144.92970130822837,2479.721675015494,0.0,816.8894191124558,63.851763481257365,145.65290875400294,100.0,44.2,Port Melbourne Industrial,Port Phillip,Greater Melbourne,9.0,1083.802364
Clarke Oval,,,,Melbourne NW,-37.573572396908204,144.72229769162735,756.3018048605569,100.0,21520.033904971446,0.0,193.96559703183786,100.0,70.0,Sunbury - South,Sunbury,Greater Melbourne,6.0,1013.540506
Chirnside Park,,,,Melbourne NW,-37.90476709320304,144.653049716516,842.132755007186,94.73340562410175,24378.366702252573,0.0,251.12497359535638,100.0,67.6,Werribee - South,Wyndham,Greater Melbourne,5.0,1005.075015
Dennis Family Oval,,,,Melbourne NW,-37.899359418247684,144.62429655339702,3119.964509085775,0.0,26291.809167464522,0.0,167.88693689719446,100.0,25.0,Wyndham Vale - South,Wyndham,Greater Melbourne,3.0,958.3089167
MacPherson Park Oval 1,,,,Melbourne NW,-37.63593396075039,144.5689800347633,7490.212261162212,0.0,29665.000372864986,0.0,2581.312682900852,0.0,0.0,Kurunjang - Toolern Vale,Melton - Bacchus Marsh,Greater Melbourne,3.0,947.3532796
Andy Barlow Oval,,,,Melbourne NW,-37.80460243427102,144.87356489492828,833.763390177424,95.779576227822,2107.5758577193837,0.0,234.8996827244711,100.0,68.1,West Footscray - Tottenham,Maribyrnong,Greater Melbourne,6.0,1015.854005
Primary Senior Grassed Oval,,,,Melbourne NW,-37.909288735223676,144.7557389887299,4301.288810705272,0.0,17331.700336141243,0.0,248.7989683990998,100.0,25.0,Point Cook - East,Wyndham,Greater Melbourne,8.0,1050.505537
Secondary Senior Grassed Oval,,,,Melbourne NW,-37.90741193198056,144.75442188468634,4076.052963466226,0.0,17346.32682706813,0.0,226.21248848285208,100.0,25.0,Point Cook - East,Wyndham,Greater Melbourne,8.0,1050.505537
Diggers Rest Oval,,,,Melbourne NW,-37.62086170799933,144.70870295324175,1176.420744546463,52.94740693169211,19082.34796740418,0.0,127.21677718204135,100.0,48.8,Diggers Rest,Sunbury,Greater Melbourne,7.0,1036.580052
Williamstown Superules Football Club,,,https://williamstownsuperules.com.au/,Melbourne NW,-37.827303473570886,144.8327249219468,4051.9628131508525,0.0,6461.8527122010055,0.0,194.63980167818642,100.0,25.0,Altona North,Hobsons Bay,Greater Melbourne,3.0,967.8926399
Spotswood Oval,,,,Melbourne NW,-37.826500226851294,144.88500453520976,401.26994816669554,100.0,3121.9266905061822,0.0,353.3862501730998,100.0,70.0,Newport,Hobsons Bay,Greater Melbourne,9.0,1074.894897
Wootten Oval,,,,Melbourne NW,-37.85907102478143,144.65869309009346,4342.275620918582,0.0,21706.030437554506,0.0,121.25415430264236,100.0,25.0,Tarneit - South,Wyndham,Greater Melbourne,4.0,988.3144267
Wootten Oval,,,,Melbourne NW,-37.85733787825679,144.65830590995768,4237.790507313962,0.0,21671.54690356355,0.0,315.9925111877888,100.0,25.0,Tarneit - South,Wyndham,Greater Melbourne,4.0,988.3144267
Whitten Oval,,,,Melbourne NW,-37.8001099095726,144.88696274049937,222.39305328834456,100.0,950.3436145158531,41.609397580691144,178.36617978541557,100.0,82.5,Footscray,Maribyrnong,Greater Melbourne,4.0,986.6255902
Senior Synthetic Oval,,,,Melbourne NW,-37.909160779613046,144.75359989277976,4256.972166081995,0.0,17494.903939841963,0.0,100.83428887791631,100.0,25.0,Point Cook - East,Wyndham,Greater Melbourne,8.0,1050.505537
Laurimar Football Club,3754,,,Melbourne NE,-37.5831639,145.1289543,2915.0345035286164,0.0,11858.759150025762,0.0,377.3949486758916,100.0,25.0,Doreen - North,Whittlesea - Wallan,Greater Melbourne,8.0,1051.04692
Hampton Rovers Football Club,,,,Melbourne NE,-37.933696,145.0111116,950.7075117018882,81.16156103726398,2221.1695963784396,0.0,23.61662967395497,100.0,61.5,Hampton,Bayside,Greater Melbourne,9.0,1074.188169
Croydon North MLOC Football Club,,Maroondah City Council,https://www.croydonnorthmloc.com.au/,Melbourne NE,-37.7682157,145.2972575,2207.3813036432557,0.0,14093.511833447665,0.0,293.8521598312137,100.0,25.0,Croydon Hills - Warranwood,Maroondah,Greater Melbourne,9.0,1084.780875
Ringwod Football Club,3134,,https://www.ringwoodfc.com.au/,Melbourne NE,-37.8236289,145.2320177,872.4302590847469,90.94621761440663,5705.018433206499,0.0,409.7965688504284,97.5508577873929,65.3,Ringwood,Maroondah,Greater Melbourne,6.0,1014.491436
Doncaster East Football Club,3109,,https://www.defc.com.au/,Melbourne NE,-37.7783683,145.1607013,4690.07413733639,0.0,5547.233788234025,0.0,334.06959378038584,100.0,25.0,Doncaster East - North,Manningham - West,Greater Melbourne,8.0,1058.853944
Ferntree Gully Eagles Junior Football Club,,,,Melbourne NE,-37.8950574,145.2625247,3169.5088082000393,0.0,8274.377263924294,0.0,30.474897875761712,100.0,25.0,Ferntree Gully (South) - Upper Ferntree Gully,Knox,Greater Melbourne,7.0,1042.799902
Balwyn Football Club,,,,Melbourne NE,-37.8134139,145.0777632,1190.3615702736906,51.20480371578867,207.33533513291988,100.0,306.01320717130045,100.0,78.0,Balwyn,Boroondara,Greater Melbourne,8.0,1063.831087
Chirnside Park Football Club,,,,Melbourne NE,-37.7518463,145.3100988,3170.4394925177926,0.0,16177.936717281014,0.0,604.1045726807268,48.97385682981829,12.2,Chirnside Park,Yarra Ranges,Greater Melbourne,8.0,1059.625125
Coldstream Football Club,,,,Melbourne NE,-37.7298774,145.3795282,3845.805186622387,0.0,22350.35374016964,0.0,204.19232445747377,100.0,25.0,Lilydale - Coldstream,Yarra Ranges,Greater Melbourne,7.0,1034.907813
Croydon Football Club,,,,Melbourne NE,-37.7971719,145.2832654,302.14077687803433,100.0,11070.130868976614,0.0,177.47959043626406,100.0,70.0,Croydon - East,Maroondah,Greater Melbourne,5.0,1004.441528
Doncaster Football Club,,,,Melbourne NE,-37.7842091,145.1332355,3891.595173810547,0.0,3860.3986028826716,0.0,340.54543386814663,100.0,25.0,Doncaster,Manningham - West,Greater Melbourne,6.0,1027.430129
South Croydon Football Club,,,https://sthcroydonfootballclub.com/,Melbourne NE,-37.8090645,145.2680511,1545.0961942361462,6.862975720481723,9212.122221823418,0.0,246.7355977638383,100.0,28.1,Croydon - East,Maroondah,Greater Melbourne,5.0,1004.441528
Epping Football Club,3076,,https://eppingfc.com.au/,Melbourne NE,-37.6394383,145.0237035,1504.9722307139657,11.87847116075429,5965.998985030195,0.0,209.51691470378373,100.0,30.3,Epping (Vic.) - West,Whittlesea - Wallan,Greater Melbourne,4.0,990.9834587
Old Camberwell Grammarians Football Club,,,,Melbourne NE,-37.8014429,145.0864143,2518.7307507495184,0.0,777.2212729909131,70.46312116818115,246.50276034185038,100.0,46.1,Balwyn North,Boroondara,Greater Melbourne,9.0,1075.439172
Bundoora Junior Football Club,,,,Melbourne NE,-37.704333,145.0650438,1735.741929426351,0.0,764.9112800544414,72.5147866575931,150.55770600548487,100.0,46.8,Bundoora - East,Banyule,Greater Melbourne,6.0,1023.552441
Alex S Gillon Oval,,,,Melbourne NE,-37.76382715179721,144.95118751787152,844.5466066142844,94.43167417321445,631.4374634984647,94.76042275025588,163.17104602406863,100.0,95.9,Brunswick - South,Brunswick - Coburg,Greater Melbourne,9.0,1067.952995
Punt Road Oval,,,,Melbourne NE,-37.82213522571409,144.98811738234514,121.34106938129258,100.0,222.9787452155968,100.0,154.6337159906426,100.0,100.0,East Melbourne,Melbourne City,Greater Melbourne,10.0,1107.378731
Frearson Oval,,,,Melbourne NE,-37.91341585435478,145.13778719757335,1931.8288022141573,0.0,6825.621952024576,0.0,298.19141473557113,100.0,25.0,Clayton (North) - Notting Hill,Monash,Greater Melbourne,4.0,981.2724921
University Oval,,,,Melbourne NE,-37.79439238027928,144.96171213292706,633.8647077392438,100.0,337.5680640593597,100.0,342.64726941917024,100.0,100.0,Parkville,Melbourne City,Greater Melbourne,8.0,1055.299155
Glenferrie Oval,,,https://en.wikipedia.org/wiki/Glenferrie_Oval,Melbourne NE,-37.820629594102876,145.03289789752893,314.8023180952964,100.0,244.14139083490468,100.0,547.2184228827622,63.19539427930945,90.8,Hawthorn - North,Boroondara,Greater Melbourne,10.0,1087.65006
Oval #2,,,,Melbourne NE,-37.866366247383844,145.2481601090768,3185.6637160996847,0.0,5917.471584028782,0.0,447.02637345750225,88.24340663562444,22.1,Wantirna South,Knox,Greater Melbourne,7.0,1046.404549
Oval #1,,,,Melbourne NE,-37.86498095073669,145.24861980671585,3035.6148576765886,0.0,5930.677504815432,0.0,298.0104182353939,100.0,25.0,Wantirna South,Knox,Greater Melbourne,7.0,1046.404549
Bob Saker Oval,,,,Melbourne NE,-37.84241713029938,145.16326586808344,2605.925449442481,0.0,1296.1845718090904,0.0,186.98182069371936,100.0,25.0,Forest Hill,Whitehorse - East,Greater Melbourne,6.0,1021.469554
Western Oval,,,,Melbourne NE,-37.778090766295044,144.95306643609817,345.2555155641429,100.0,309.0723788817251,100.0,223.48692880216873,100.0,100.0,Parkville,Melbourne City,Greater Melbourne,8.0,1055.299155
Ransford Oval,,,,Melbourne NE,-37.77858096227391,144.95533922274979,394.55131433610205,100.0,448.9247216235787,100.0,243.48211990692073,100.0,100.0,Parkville,Melbourne City,Greater Melbourne,8.0,1055.299155
McAlister Oval,,,,Melbourne NE,-37.77878429034786,144.95675235905253,446.66942615381254,100.0,337.81486526980206,100.0,231.13384394802694,100.0,100.0,Parkville,Melbourne City,Greater Melbourne,8.0,1055.299155
Ryder Oval,,,,Melbourne NE,-37.77990105795768,144.95525198040798,296.8638336935588,100.0,405.97611689202614,100.0,380.54019244538256,100.0,100.0,Parkville,Melbourne City,Greater Melbourne,8.0,1055.299155
Southern Reserve,,,,Melbourne NE,-37.93461148789319,145.17723057419474,2648.7425286106363,0.0,8685.192567722797,0.0,139.55437834088485,100.0,25.0,Mulgrave,Monash,Greater Melbourne,7.0,1037.505321
Wellington Reserve,,,,Melbourne NE,-37.92751064818517,145.16291179150795,2424.082328160883,0.0,8051.777513916399,0.0,380.638708891761,100.0,25.0,Mulgrave,Monash,Greater Melbourne,7.0,1037.505321
H. G. Smith Oval,,,,Melbourne NE,-37.78746605159152,144.95582900008625,762.4685940148928,100.0,274.9088072395588,100.0,399.081664811385,100.0,100.0,Parkville,Melbourne City,Greater Melbourne,8.0,1055.299155
Ian Johnson Oval,,,,Melbourne NE,-37.857333407309554,144.97836267429932,1167.1575819127893,54.10530226090133,179.7005741413152,100.0,175.58450082804464,100.0,79.3,St Kilda - West,Port Phillip,Greater Melbourne,8.0,1051.681882
Ross Gregory Oval,,,,Melbourne NE,-37.8542668079909,144.9776492828767,1073.9464113796903,65.75669857753871,383.73414958407125,100.0,501.9550662337361,74.51123344156598,78.2,St Kilda - West,Port Phillip,Greater Melbourne,8.0,1051.681882
Lindsay Hassett Oval,,,,Melbourne NE,-37.85286191862342,144.97125508251617,1596.357227041847,0.4553466197691258,100.48581593746204,100.0,468.1982012535465,82.95044968661338,50.9,Albert Park,Port Phillip,Greater Melbourne,9.0,1084.273674
Bayswater Oval,,,,Melbourne NE,-37.83696895271175,145.27004481717177,512.6137028574683,100.0,8035.654907410141,0.0,127.58219798890767,100.0,70.0,Bayswater,Knox,Greater Melbourne,5.0,1003.895227
Scoresby Oval,,,,Melbourne NE,-37.897292380864286,145.23071314186663,5864.142425663266,0.0,6235.530960294026,0.0,217.79901082269362,100.0,25.0,Knoxfield - Scoresby,Knox,Greater Melbourne,8.0,1051.804091
Edmund Herring Memorial Oval,,,,Melbourne NE,-37.832668248005284,144.97551601019148,210.90351222150397,100.0,212.18785332962847,100.0,132.74193517940807,100.0,100.0,Royal Botanic Gardens Victoria,Melbourne City,Greater Melbourne,,
Susan Street Oval,,,,Melbourne NE,-37.72028596556847,145.14218097828123,829.0268830373551,96.37163962033061,7552.540001321885,0.0,235.8427571329556,100.0,68.4,Eltham,Nillumbik - Kinglake,Greater Melbourne,10.0,1097.974413
South Oval,,,,Melbourne NE,-37.717354871787066,145.1131100820421,532.1062533189181,100.0,5206.417069004434,0.0,91.922029005007,100.0,70.0,Montmorency - Briar Hill,Banyule,Greater Melbourne,9.0,1079.754949
North Oval,,,,Melbourne NE,-37.715711442406274,145.1140036737135,391.0707079795425,100.0,5173.802144194874,0.0,197.36973495673755,100.0,70.0,Montmorency - Briar Hill,Banyule,Greater Melbourne,9.0,1079.754949
Moorabbin Oval,,,,Melbourne NE,-37.93800892258173,145.0437332166602,677.3310713072964,100.0,3542.6400734773683,0.0,410.5061706710792,97.3734573322302,69.3,Moorabbin - Heatherton,Kingston,Greater Melbourne,8.0,1047.778202
Trevor Barker Beach Oval,,,,Melbourne NE,-37.94493168422671,145.0002302758134,659.1838081530738,100.0,3710.475278492409,0.0,146.83045344500948,100.0,70.0,Sandringham - Black Rock,Bayside,Greater Melbourne,10.0,1093.9807
Croydon Oval,,,,Melbourne NE,-37.79764281407278,145.28401383506477,384.2800206530354,100.0,11092.371909646861,0.0,150.2898887044308,100.0,70.0,Croydon - East,Maroondah,Greater Melbourne,5.0,1004.441528
Fred Geale Oval,,,,Melbourne NE,-37.8024891047729,145.2833047371308,795.9033750993565,100.0,10732.785352986453,0.0,158.4240328772631,100.0,70.0,Croydon - East,Maroondah,Greater Melbourne,5.0,1004.441528
Como Park,,,,Melbourne NE,-37.83567260584203,145.00414166602218,855.8925720096107,93.01342849879866,538.7312432854079,100.0,82.3777769726704,100.0,96.9,South Yarra - North,Stonnington - West,Greater Melbourne,10.0,1090.427398
Hadfield Football Club,,,,Melbourne NE,-37.70537085288629,144.95276041834805,749.6597346318524,100.0,2661.878842240219,0.0,179.07406484089805,100.0,70.0,Hadfield,Moreland - North,Greater Melbourne,3.0,970.3678812
Bennettswood Sports Ground,,,,Melbourne NE,-37.8487274881896,145.11228775915865,2702.5622935922142,0.0,295.0010166951134,100.0,282.0956344350075,100.0,55.0,Burwood (Vic.),Whitehorse - West,Greater Melbourne,5.0,1009.557361
Belgrave Recreation Reserve,,,,Melbourne NE,-37.915683213644876,145.34484697117426,811.9558390251703,98.5055201218537,15754.794904732375,0.0,151.7159508875782,100.0,69.3,Belgrave - Selby,Yarra Ranges,Greater Melbourne,9.0,1072.387176
Benson Oval,3136,,,Melbourne NE,-37.80842497250584,145.27944671248815,1410.8357055555387,23.645536805557665,10089.601899235866,0.0,297.78776531649964,100.0,35.6,Croydon - East,Maroondah,Greater Melbourne,5.0,1004.441528
Melbourne Football Club Training Oval,,,,Melbourne NE,-37.826426172333434,144.9874920560409,252.16734980506428,100.0,248.86036143768342,100.0,207.34582265781503,100.0,100.0,East Melbourne,Melbourne City,Greater Melbourne,10.0,1107.378731
Waverley Park,,,,Melbourne NE,-37.92560197970486,145.1887344995278,4063.8275753276203,0.0,7698.703892526488,0.0,361.48705841829445,100.0,25.0,Mulgrave,Monash,Greater Melbourne,7.0,1037.505321
Main Oval,,,,Melbourne NE,-37.834310168358265,144.97776859999837,430.39482795160876,100.0,265.6815982727608,100.0,276.73564052528894,100.0,100.0,South Yarra - West,Melbourne City,Greater Melbourne,10.0,1102.807847
Cordner Oval,,,,Melbourne NE,-37.84257205976188,144.98294194187875,892.6621869336021,88.41722663329973,306.95691265168114,100.0,234.01763849401422,100.0,94.8,South Yarra - West,Melbourne City,Greater Melbourne,10.0,1102.807847
De Winton Park Oval,,,,Melbourne NE,-37.74670676948601,145.06813395658523,299.84296539847855,100.0,3950.2590029822336,0.0,215.40641452616526,100.0,70.0,Heidelberg - Rosanna,Banyule,Greater Melbourne,9.0,1075.343426
Emerald Primary School Oval,,,,Melbourne NE,-37.932834159580224,145.44195085048057,7983.3748765725895,0.0,24376.918787761835,0.0,96.9919790117086,100.0,25.0,Emerald - Cockatoo,Cardinia,Greater Melbourne,9.0,1065.503532
Oval 1,,,,Melbourne NE,-37.63920682090583,145.02468014119378,1490.9402057934071,13.632474275824114,5927.085154038626,0.0,157.15392062238965,100.0,31.1,Epping (Vic.) - West,Whittlesea - Wallan,Greater Melbourne,4.0,990.9834587
Oval 2,,,,Melbourne NE,-37.638425819170024,145.02271838644668,1640.1205159655208,0.0,6107.574324314048,0.0,190.87063630689516,100.0,25.0,Epping (Vic.) - West,Whittlesea - Wallan,Greater Melbourne,4.0,990.9834587
Surrey Park Football Club,,,,Melbourne NE,-37.8274776346566,145.11645920555893,914.9530174421496,85.6308728197313,1137.994720407114,10.334213265480985,303.7179279629583,100.0,66.6,Box Hill,Whitehorse - West,Greater Melbourne,4.0,991.0009738
J A Loughnan Oval,,,,Melbourne NE,-37.83136840361731,145.02605533794494,455.07767086715484,100.0,417.57315976683964,100.0,1129.674169687888,0.0,75.0,Richmond (South) - Cremorne,Yarra,Greater Melbourne,10.0,1105.849271
Ringwood Secondary College Oval,,,,Melbourne NE,-37.814921853277,145.2398230277305,777.0791992649861,100.0,6857.486461492175,0.0,237.8940510524032,100.0,70.0,Ringwood,Maroondah,Greater Melbourne,6.0,1014.491436
Pitcher Park,,,,Melbourne NE,-37.77372328872961,145.02859087278648,533.638480946145,100.0,2639.6818674569367,0.0,116.49437378984473,100.0,70.0,Alphington - Fairfield,Darebin - South,Greater Melbourne,9.0,1070.172346
South East Oval,,,,Melbourne NE,-37.778077850949984,145.04870384774043,892.0634887617634,88.49206390477957,2138.5274362566274,0.0,702.2575056300936,24.435623592476585,45.9,Ivanhoe,Banyule,Greater Melbourne,9.0,1085.470248
Wadhurst Oval,,,,Melbourne NE,-37.833692963909456,144.9748540294025,164.84441138107454,100.0,126.69993109154768,100.0,91.9337193719331,100.0,100.0,South Yarra - West,Melbourne City,Greater Melbourne,10.0,1102.807847
Ben Frilay Oval,,,,Melbourne NE,-37.639660344601715,145.18934761309663,169.85696966389614,100.0,11439.438226428578,0.0,414.2287850360233,96.44280374099418,69.1,Hurstbridge,Nillumbik - Kinglake,Greater Melbourne,9.0,1068.054539
TB Garvey Oval,,,,Melbourne NE,-37.689211461259994,145.0671613073502,2778.890529035417,0.0,124.51461600309518,100.0,92.49405230671405,100.0,55.0,Bundoora - East,Banyule,Greater Melbourne,6.0,1023.552441
Russell Lucas Oval,,,,Melbourne NE,-37.82359233360639,145.2329907310435,897.2413803614872,87.8448274548141,5773.801729211341,0.0,399.80864326365463,100.0,64.5,Ringwood,Maroondah,Greater Melbourne,6.0,1014.491436
Montrose Oval,,,,Melbourne NE,-37.81317750149301,145.34435014056078,4167.987669649118,0.0,15066.415094082167,0.0,218.4291622460311,100.0,25.0,Montrose,Yarra Ranges,Greater Melbourne,9.0,1068.191081
Shane Warne Oval,,,,Melbourne NE,-37.94697747395194,145.01815270508052,1183.4109167386994,52.07363540766258,3638.387688696056,0.0,151.20480563754856,100.0,48.4,Sandringham - Black Rock,Bayside,Greater Melbourne,10.0,1093.9807
Peter Ferrie Oval,,,,Melbourne NE,-37.84162379976835,145.03873084714965,449.9341748594261,100.0,595.8479885106349,100.0,527.1517845949628,68.2120538512593,92.1,Malvern - Glen Iris,Stonnington - East,Greater Melbourne,10.0,1097.641343
Mount Waverley Reserve,,,,Melbourne NE,-37.87251021561403,145.1352280423971,676.5469467471587,100.0,2280.6701470629932,0.0,229.75359300415343,100.0,70.0,Mount Waverley - North,Monash,Greater Melbourne,9.0,1064.561604
W. J. Cox Oval,,,,Melbourne NE,-37.7952072780041,145.0055172033667,984.7941855949236,76.90072680063454,1415.643471589316,0.0,667.6613020311356,33.084674492216095,42.9,Clifton Hill - Alphington,Yarra,Greater Melbourne,10.0,1094.355915
H. H. Olney Oval,,,,Melbourne NE,-37.794895370649456,145.007410978177,1154.0734730316183,55.74081587104771,1517.695429567057,0.0,705.0624136816422,23.734396579589458,31.0,Clifton Hill - Alphington,Yarra,Greater Melbourne,10.0,1094.355915
Sir Arthur Rylah Oval,,,,Melbourne NE,-37.8038878255687,145.0101041356911,1424.2448947324403,21.969388158444957,838.3131653372973,60.281139110450454,108.96372045171977,100.0,53.0,Kew - West,Boroondara,Greater Melbourne,9.0,1080.938503
Keith Anderson Oval,,,,Melbourne NE,-37.81475795783834,145.06760820843792,1194.5965469801738,50.675431627478275,386.96436844816554,100.0,674.9612105536677,31.259697361583083,60.6,Balwyn,Boroondara,Greater Melbourne,8.0,1063.831087
Huskisson Recreation Reserve- Sportsfield,,,,Melbourne NE,-37.662122760245175,145.00841828640347,821.7107480900422,97.28615648874472,5704.528942571622,0.0,178.4290292661237,100.0,68.8,Lalor - West,Whittlesea - Wallan,Greater Melbourne,2.0,919.2516177
Brighton Beach Oval,,,,Melbourne NE,-37.92854644153782,144.99100976434545,95.12777327999363,100.0,2775.7024411667717,0.0,94.68337228978986,100.0,70.0,Brighton (Vic.),Bayside,Greater Melbourne,10.0,1100.743601
Woodfull-Miller Oval,,,,Melbourne NE,-37.835198241340315,144.99406080672665,391.2740291020463,100.0,231.30800373665065,100.0,148.28548032825685,100.0,100.0,South Yarra - North,Stonnington - West,Greater Melbourne,10.0,1090.427398
Strathewen Oval,,,,Melbourne NE,-37.53411070778862,145.26889963368853,13388.898493369243,0.0,23842.31362164795,0.0,4749.928460655712,0.0,0.0,Panton Hill - St Andrews,Nillumbik - Kinglake,Greater Melbourne,10.0,1086.43613
Olympic Park Oval,3000,,,Melbourne NE,-37.82463862869922,144.98126967810228,594.279796163594,100.0,308.54400502258915,100.0,550.1906265699866,62.45234335750334,90.6,East Melbourne,Melbourne City,Greater Melbourne,10.0,1107.378731
Hurstbridge High Oval,,,,Melbourne NE,-37.642536634314986,145.18940459124119,340.4560400658576,100.0,11326.003515624972,0.0,607.2558084758654,48.18604788103366,57.0,Hurstbridge,Nillumbik - Kinglake,Greater Melbourne,9.0,1068.054539
Northern Saints Football Club,,,,Melbourne NE,-37.71435050796374,144.97033665310502,703.1129148213172,100.0,1597.4924757850517,0.0,150.94305122093294,100.0,70.0,Fawkner,Moreland - North,Greater Melbourne,2.0,936.1842233
Tony Sheehan Reserve,,,,Melbourne NE,-37.72392709107401,145.04302985114927,2299.6174881431807,0.0,614.4266400559733,97.59555999067112,448.1857743354921,87.95355641612697,51.3,Kingsbury,Darebin - North,Greater Melbourne,5.0,1011.573923
Mount Pleasant Road Primary School Oval,,,,Melbourne NE,-37.82902952431791,145.18119801628177,1013.8393224638977,73.27008469201279,2993.245027974108,0.0,449.7273573133451,87.56816067166372,54.9,Nunawading,Whitehorse - East,Greater Melbourne,7.0,1041.310192
St. James Park,,,https://www.boroondara.vic.gov.au/recreation-arts/parks-and-gardens/st-james-park,Melbourne NE,-37.8200008838196,145.02127154953598,248.10748078434713,100.0,100.40132365710491,100.0,269.5185377025951,100.0,100.0,Hawthorn - North,Boroondara,Greater Melbourne,10.0,1087.65006
Olinda Green Oval,,,,Melbourne NE,-37.854272871988904,145.3742981489443,6308.4438310267005,0.0,16914.871064739906,0.0,107.18471594114087,100.0,25.0,Mount Dandenong - Olinda,Yarra Ranges,Greater Melbourne,9.0,1078.631503
Stintons Reserve Oval,,,,Melbourne NE,-37.76725294701857,145.20411750549786,5518.697282646986,0.0,9151.387393807672,0.0,1145.7893453057957,0.0,0.0,Donvale - Park Orchards,Manningham - East,Greater Melbourne,9.0,1082.81992
Diamond Creek Football Club,,,,Melbourne NE,-37.672516904445686,145.15599896823008,196.9250259214705,100.0,7663.851905216178,0.0,197.2637135820595,100.0,70.0,Wattle Glen - Diamond Creek,Nillumbik - Kinglake,Greater Melbourne,9.0,1083.570471
Warrandyte Football Club,3113,,https://www.warrandytefc.com/,Melbourne NE,-37.74615099929949,145.20747418778626,6353.184001851933,0.0,10950.253229351187,0.0,75.27979665754098,100.0,25.0,Warrandyte - Wonga Park,Manningham - East,Greater Melbourne,10.0,1100.313841
Coventry Oval,,,,Melbourne NE,-37.6722751152846,145.15492688664776,291.6430750605595,100.0,7572.306944717587,0.0,143.92907402713342,100.0,70.0,Wattle Glen - Diamond Creek,Nillumbik - Kinglake,Greater Melbourne,9.0,1083.570471
Marngrook Oval,,,,Melbourne NE,-37.67426375310383,145.1542884506452,322.970908632417,100.0,7497.517701657722,0.0,107.83267168231507,100.0,70.0,Wattle Glen - Diamond Creek,Nillumbik - Kinglake,Greater Melbourne,9.0,1083.570471
Blackburn Football Club,,,,Melbourne NE,-37.821395057280895,145.15621213967057,387.90353322444685,100.0,3031.98926425531,0.0,169.55048680315954,100.0,70.0,Blackburn,Whitehorse - West,Greater Melbourne,9.0,1068.999185
Bayswater Football Club,,Knox City Council,,Melbourne NE,-37.83686199014731,145.26901858846378,486.8449947249797,100.0,7951.931684715429,0.0,210.41760626287513,100.0,70.0,Bayswater,Knox,Greater Melbourne,5.0,1003.895227
Barwon Heads Football Club,,,,Melbourne SW,-38.2869596572778,144.49520612159415,15714.55973823096,0.0,61693.77184034382,0.0,522.8302327138068,69.2924418215483,17.3,Barwon Heads - Armstrong Creek,Surf Coast - Bellarine Peninsula,Rest of Vic.,9.0,1075.403948
Oval,,,,Melbourne SW,-38.18836225372612,144.55932929797385,17865.7060841353,0.0,50389.48110607309,0.0,855.6367547874568,0.0,0.0,Clifton Springs,Surf Coast - Bellarine Peninsula,Rest of Vic.,6.0,1013.845111
Ron Evans Oval,,,,Melbourne SW,-38.11378781561164,144.64495694887643,21115.61877563815,0.0,39466.16056805935,0.0,202.7908330988501,100.0,25.0,Portarlington,Surf Coast - Bellarine Peninsula,Rest of Vic.,5.0,1001.001291
Queenscliff Recreation Reserve,,,,Melbourne SW,-38.27245854219421,144.6565579787976,27647.37137511958,0.0,50798.554586663595,0.0,250.21010014685507,100.0,25.0,Point Lonsdale - Queenscliff,Surf Coast - Bellarine Peninsula,Rest of Vic.,9.0,1080.253677
Drysdale Reserve Football Club,,,https://www.drysdalefc.com.au/,Melbourne SW,-38.17462884247305,144.56190904916585,17874.61732568221,0.0,49303.10026178759,0.0,428.4596059916102,92.88509850209745,23.2,Clifton Springs,Surf Coast - Bellarine Peninsula,Rest of Vic.,6.0,1013.845111
Ray Menzies Oval,,,,Melbourne SW,-38.25927360375037,144.53822766879057,17400.828139429097,0.0,56839.19563437415,0.0,319.4681143151403,100.0,25.0,Ocean Grove,Surf Coast - Bellarine Peninsula,Rest of Vic.,9.0,1073.708848
The Fitzroy Shop,3195,,www.fitzroyfc.com.au,Melbourne SE,-38.0054411,145.0862949,121.61565426141803,100.0,11821.112539783975,0.0,183.00460954773573,100.0,70.0,Mordialloc - Parkdale,Kingston,Greater Melbourne,9.0,1072.088028
Narre Warren Football Club,,,,Melbourne SE,-37.9917449,145.304803,3876.874116554948,0.0,18492.618705142206,0.0,443.4554001303333,89.13614996741667,22.3,Narre Warren North,Casey - North,Greater Melbourne,9.0,1067.871877
Phillip Island Football Club,,,,Melbourne SE,-38.4512824,145.2463093,8814.71367440481,0.0,62908.03625326777,0.0,532.6886371200249,66.82784071999379,16.7,Phillip Island,Gippsland - South West,Rest of Vic.,5.0,1005.380808
Berwick Football Club,,,,Melbourne SE,-38.0286123,145.3639783,2019.547562493661,0.0,24915.913718884094,0.0,609.4097895023858,47.647552624403545,11.9,Berwick - North,Casey - North,Greater Melbourne,8.0,1057.342594
Kinetic Stadium,,,,Melbourne SE,-38.1475967,145.1203374,597.7248524784311,100.0,27450.001225429893,0.0,83.60049897483107,100.0,70.0,Frankston,Frankston,Greater Melbourne,4.0,971.7351039
Beaconsfield Football Club,,,https://www.beaconsfieldfc.com/,Melbourne SE,-38.0370566,145.3728598,1611.8145401780832,0.0,26134.949573927817,0.0,536.9529732676915,65.76175668307712,16.4,Beaconsfield - Officer,Cardinia,Greater Melbourne,8.0,1056.433868
Warwick Bayley Oval,,,,Melbourne SE,-38.06474593092344,145.46122305860536,2114.688453907631,0.0,33706.86997166144,0.0,131.89398556729694,100.0,25.0,Pakenham - South West,Cardinia,Greater Melbourne,4.0,989.9932047
Warwick Bayley Oval,,,,Melbourne SE,-38.06674147922153,145.46047145058532,1985.0215963308385,0.0,33811.127531053826,0.0,362.79528378492137,100.0,25.0,Pakenham - South West,Cardinia,Greater Melbourne,4.0,989.9932047
Narre Warren Football Club,,,,Melbourne SE,-37.99117876931481,145.30540422331882,3942.464044836922,0.0,18472.615144962194,0.0,505.0189543211491,73.74526141971272,18.4,Narre Warren North,Casey - North,Greater Melbourne,9.0,1067.871877
Hallam Recreation Reserve,,,,Melbourne SE,-38.002117792986134,145.27000119220227,1702.9834910725212,0.0,17922.819359738332,0.0,154.74621643663673,100.0,25.0,Hallam,Casey - North,Greater Melbourne,2.0,917.2770092
Oval 5 - Premier Cricket/Junior Football,,,,Melbourne SE,-38.12326151001371,145.31419798280757,3799.962184617837,0.0,31808.231438472878,0.0,705.4834345125786,23.629141371855354,5.9,Cranbourne East - South,Casey - South,Greater Melbourne,6.0,1019.35603
Oval 2,,,,Melbourne SE,-38.12107781630727,145.3107774223981,3415.0513395111543,0.0,31473.630098146874,0.0,566.5591835663012,58.36020410842471,14.6,Cranbourne East - South,Casey - South,Greater Melbourne,6.0,1019.35603
Oval 1 - VFL Football,,,,Melbourne SE,-38.11893241623579,145.31012281936904,3214.743997200474,0.0,31230.834077332238,0.0,325.3760699416985,100.0,25.0,Cranbourne East - South,Casey - South,Greater Melbourne,6.0,1019.35603
Oval 3 - Football/Cricket,,,,Melbourne SE,-38.122524429906925,145.31206974949677,3607.3091309807564,0.0,31664.229875079764,0.0,758.6669553902229,10.333261152444262,2.6,Cranbourne East - South,Casey - South,Greater Melbourne,6.0,1019.35603
Oval 4 - Premier Cricket/Junior Football,,,,Melbourne SE,-38.121697254917166,145.31525268191174,3756.8573741757837,0.0,31680.77280834675,0.0,509.5665892673953,72.60835268315118,18.2,Cranbourne East - South,Casey - South,Greater Melbourne,6.0,1019.35603
Rendall Oval,,,,Melbourne SE,-37.99552141000344,145.14499295319803,4180.64930551689,0.0,13738.699594821803,0.0,91.31538582331501,100.0,25.0,Keysborough - South,Dandenong,Greater Melbourne,7.0,1039.126293
Reserve 2,,,,Melbourne SE,-38.07372747148985,145.3369425285115,3569.1876939226586,0.0,27691.591334950277,0.0,99.14135066605861,100.0,25.0,Berwick - South East,Casey - North,Greater Melbourne,8.0,1058.749042
Thomas Barclay Oval,,,,Melbourne SE,-38.296039694618564,145.1874289765656,1069.341279135362,66.33234010807976,44941.85042327378,0.0,221.72565729523626,100.0,54.8,Hastings - Somers,Mornington Peninsula,Greater Melbourne,5.0,1005.732473
Tyabb North Sports Ground,,,,Melbourne SE,-38.29761599887082,145.1871758828733,892.9919682410176,88.3760039698728,45099.46911761258,0.0,288.6403345786518,100.0,64.8,Hastings - Somers,Mornington Peninsula,Greater Melbourne,5.0,1005.732473
Nar Nar Goon Oval,,,,Melbourne SE,-38.08412721032093,145.5732076808694,312.2123029714473,100.0,42654.123063752144,0.0,316.81327963229427,100.0,70.0,Bunyip - Garfield,Cardinia,Greater Melbourne,7.0,1046.12331
Noble Park Football Social Club,,,,Melbourne SE,-37.977530551698734,145.1697423586564,1286.4146406588234,39.19816991764707,13481.451146020574,0.0,230.2649104411104,100.0,42.6,Noble Park - West,Dandenong,Greater Melbourne,1.0,852.645408
Oval 1,,,,Melbourne SE,-38.148666461990565,145.18953115668333,4393.972282491278,0.0,30114.649877631327,0.0,426.85093198477773,93.28726700380557,23.3,Langwarrin,Frankston,Greater Melbourne,7.0,1040.351747
Oval 2,,,,Melbourne SE,-38.14819490703317,145.19150374135,4570.85328657621,0.0,30157.111425474544,0.0,381.98402128315183,100.0,25.0,Langwarrin,Frankston,Greater Melbourne,7.0,1040.351747
Oval 3,,,,Melbourne SE,-38.14938090314594,145.19231151080038,4631.077637071929,0.0,30306.452655791414,0.0,236.1557296158865,100.0,25.0,Langwarrin,Frankston,Greater Melbourne,7.0,1040.351747
Keysborough Football Club,,,,Melbourne SE,-37.99517214958911,145.16821143660349,2780.652808312715,0.0,14967.864977072566,0.0,158.06347990027734,100.0,25.0,Keysborough - North,Dandenong,Greater Melbourne,2.0,914.4904786
RM Hooper Park,,,,Melbourne SE,-38.28573254018645,145.1379313199415,4744.795518995188,0.0,42580.99386613387,0.0,3229.806069108117,0.0,0.0,Flinders,Mornington Peninsula,Greater Melbourne,10.0,1092.893474
Skye Prmary School Public Oval,,,,Melbourne SE,-38.11658407254217,145.20095153636726,5657.723112474443,0.0,27672.302337129968,0.0,611.5870312238037,47.10324219404908,11.8,Skye - Sandhurst,Frankston,Greater Melbourne,8.0,1048.567469
Kennedy Community Centre,,Hawthorn Football Club,,Melbourne SE,-37.96592434315118,145.121828283586,3298.585816940563,0.0,9882.026955523203,0.0,354.36394649723417,100.0,25.0,Dingley Village,Dandenong,Greater Melbourne,9.0,1066.427157
Hogben-Meckiff Oval,,,,Melbourne SE,-37.98502748993176,145.06302916842367,304.8602820028722,100.0,8844.77406696086,0.0,160.03988189005617,100.0,70.0,Mentone,Kingston,Greater Melbourne,8.0,1060.694497
Langwarrin Junior Football Club,3910,,https://www.langyjfc.com.au/,Melbourne SE,-38.14891511569981,145.1913512162121,4550.742385338932,0.0,30219.15089009354,0.0,312.6318370438383,100.0,25.0,Langwarrin,Frankston,Greater Melbourne,7.0,1040.351747
West Oval,,,,Melbourne SE,-38.07724742238396,145.13189125168927,657.9645412961958,100.0,20724.229594371245,0.0,279.67376371989207,100.0,70.0,Carrum - Patterson Lakes,Kingston,Greater Melbourne,7.0,1042.978764
East Oval,,,,Melbourne SE,-38.07674762618019,145.13347962398814,785.5407295476305,100.0,20744.342398561268,0.0,166.47584691255693,100.0,70.0,Carrum - Patterson Lakes,Kingston,Greater Melbourne,7.0,1042.978764
Frankston Football Club,,,,Melbourne SE,-38.14740501158342,145.12116948130736,530.033951724713,100.0,27454.199388661244,0.0,62.701541023020454,100.0,70.0,Frankston,Frankston,Greater Melbourne,4.0,971.7351039
McCartney Oval,,,,Geelong & Bellarine,-38.33602266267524,144.3148246069133,13351.23759940777,0.0,77211.96459336931,0.0,367.96663141357857,100.0,25.0,Torquay,Surf Coast - Bellarine Peninsula,Rest of Vic.,10.0,1096.847321
GMHBA Stadium,,,,Geelong & Bellarine,-38.15810696140531,144.35460267490583,389.2106939726617,100.0,61807.12522208686,0.0,160.8569433188989,100.0,70.0,Geelong,Geelong,Rest of Vic.,6.0,1016.317519
Anthony Costa Oval,,,,Geelong & Bellarine,-38.15710512332284,144.35199543328875,636.7387914945432,100.0,61932.67090678437,0.0,364.53638226580125,100.0,70.0,Geelong,Geelong,Rest of Vic.,6.0,1016.317519
No.2 Oval,,,,Geelong & Bellarine,-38.183331889936404,144.35545192268273,1689.8959541641696,0.0,63377.97187274504,0.0,167.71797065503986,100.0,25.0,Belmont,Geelong,Rest of Vic.,6.0,1013.744596
No.5 Oval,,,,Geelong & Bellarine,-38.183556424087804,144.35687598848568,1672.2268898530122,0.0,63292.84831532801,0.0,253.6554088436264,100.0,25.0,Belmont,Geelong,Rest of Vic.,6.0,1013.744596
No.1 Oval,,,,Geelong & Bellarine,-38.184597978638706,144.35562709722566,1549.7747008029812,6.278162399627352,63449.74849641494,0.0,113.76154550091016,100.0,27.8,Belmont,Geelong,Rest of Vic.,6.0,1013.744596
No.3 Oval,,,,Geelong & Bellarine,-38.18199252190976,144.355343421372,1838.4213470794953,0.0,63296.88986557493,0.0,99.74342465314913,100.0,25.0,Belmont,Geelong,Rest of Vic.,6.0,1013.744596
No.4 Oval,,,,Geelong & Bellarine,-38.18211652391669,144.35664177128402,1829.7605962392165,0.0,63213.75513219048,0.0,208.59979958380114,100.0,25.0,Belmont,Geelong,Rest of Vic.,6.0,1013.744596
Walker Oval,,,,Geelong & Bellarine,-38.137434676986366,144.3254080288724,2701.7749101634654,0.0,62702.98648938623,0.0,316.8165532141377,100.0,25.0,Geelong West - Hamlyn Heights,Geelong,Rest of Vic.,7.0,1032.798293
NH Drew Oval,,,,Geelong & Bellarine,-38.13764517107949,144.32687723664148,2571.5807732274543,0.0,62605.382606915846,0.0,302.90713496785406,100.0,25.0,Geelong West - Hamlyn Heights,Geelong,Rest of Vic.,7.0,1032.798293
Shaw Oval,,,,Geelong & Bellarine,-38.14750139380254,144.31774810822222,3273.5878998635294,0.0,63862.33235243411,0.0,571.2510917597635,57.18722706005912,14.3,Highton,Geelong,Rest of Vic.,9.0,1077.423858
Mary Bell Oval,,,,Geelong & Bellarine,-38.3367637199446,144.26340096799655,13932.376792345985,0.0,80501.29211559886,0.0,3038.991943118475,0.0,0.0,Torquay,Surf Coast - Bellarine Peninsula,Rest of Vic.,10.0,1096.847321
Polwarth Oval,,,,Geelong & Bellarine,-38.306833322509014,144.32330962381693,10197.558605509454,0.0,74410.03155838542,0.0,120.54465623538329,100.0,25.0,Torquay,Surf Coast - Bellarine Peninsula,Rest of Vic.,10.0,1096.847321
Mount Moriac Football Oval,,,,Geelong & Bellarine,-38.21821902213388,144.1967726284995,9609.9296576479,0.0,77021.4172126582,0.0,9220.48954578119,0.0,0.0,Winchelsea,Barwon - West,Rest of Vic.,8.0,1054.023134
Main Oval,,,,Geelong & Bellarine,-38.15095096090719,144.33902553940675,1556.0485366310154,5.493932921123079,62497.61764455679,0.0,407.2150956338373,98.19622609154068,27.0,Newtown (Vic.),Geelong,Rest of Vic.,9.0,1072.697412
Grenville Oval,,,,Geelong & Bellarine,-38.30714003601338,144.32504485711192,10254.283985347698,0.0,74324.25661335538,0.0,204.31094791919597,100.0,25.0,Torquay,Surf Coast - Bellarine Peninsula,Rest of Vic.,10.0,1096.847321
Stinton Oval,,,,Geelong & Bellarine,-38.147496303072664,144.3202471086739,3055.4676398279043,0.0,63676.35971579232,0.0,771.5225015692923,7.119374607676921,1.8,Highton,Geelong,Rest of Vic.,9.0,1077.423858
Jarvis Oval,,,,Geelong & Bellarine,-38.203670800074214,144.29572092804557,1656.1691181340736,0.0,68937.40665574084,0.0,663.9097817461239,34.02255456346901,8.5,Highton,Geelong,Rest of Vic.,9.0,1077.423858
Oval,,,,Geelong & Bellarine,-38.22012221423964,144.35306197146843,2401.6273948951616,0.0,66061.07121859524,0.0,126.74413429990653,100.0,25.0,Charlemont,Geelong,Rest of Vic.,8.0,1050.146417
Dartmoor Football/Netball Club,,,,Western Victoria,-37.9246673,141.2733313,117351.61064616671,0.0,318085.4690236929,0.0,53216.80318927984,0.0,0.0,Glenelg (Vic.),Glenelg - Southern Grampians,Rest of Vic.,4.0,979.0471626
Alexandra Oval,,,,Western Victoria,-37.279227036592914,142.92793632305134,863.0499251396539,92.11875935754327,180232.2406408348,0.0,254.37484926545523,100.0,66.5,Ararat,Grampians,Rest of Vic.,2.0,928.548849
Neil (Bull) Millgate Oval,,,,Western Victoria,-37.29146991375765,143.78800988498793,1359.8078003007251,30.024024962409356,108209.75501088369,0.0,303.2230613976331,100.0,38.5,Creswick - Clunes,Creswick - Daylesford - Ballan,Rest of Vic.,4.0,985.5240483
Gordon Street Oval,,,,Western Victoria,-37.29060417675778,142.94483569184723,1165.5570681818072,54.305366477274106,178441.6883672244,0.0,362.88970636624856,100.0,49.4,Ararat,Grampians,Rest of Vic.,2.0,928.548849
Silvester Oval,,,,Western Victoria,-37.59442238858761,141.6913589247614,111772.68086951278,0.0,282029.53820649954,0.0,31316.678595774676,0.0,0.0,Southern Grampians,Glenelg - Southern Grampians,Rest of Vic.,5.0,1010.964247
Football/cricket,,,,Western Victoria,-37.04547404692262,143.80924650806625,5980.325276713581,0.0,121174.20634543605,0.0,517.8619581606316,70.5345104598421,17.6,Maryborough Surrounds,Maryborough - Pyrenees,Rest of Vic.,2.0,924.6902376
Western Oval,,,,Western Victoria,-37.56527053159256,143.83914182722447,1934.6879129637912,0.0,94282.1705651169,0.0,111.32419023978174,100.0,25.0,Ballarat,Ballarat,Rest of Vic.,7.0,1042.069038
Forrest Football Club,,,,Western Victoria,-38.50559855765567,143.72635699916728,20263.751031362302,0.0,128953.94660395216,0.0,1746.5542278860323,0.0,0.0,Otway,Colac - Corangamite,Rest of Vic.,5.0,1003.817061
Forrest Recreation Reserve,,,,Western Victoria,-38.506133761033134,143.7267214589707,20313.534566655988,0.0,128961.4530286708,0.0,1718.5921359526308,0.0,0.0,Otway,Colac - Corangamite,Rest of Vic.,5.0,1003.817061
Reid Oval,,,,Western Victoria,-38.37945157746937,142.49521267964076,1828.779894074777,0.0,219925.5628348834,0.0,202.39953463929862,100.0,25.0,Warrnambool - North,Warrnambool,Rest of Vic.,5.0,993.7983589
Walter Oval,,,,Western Victoria,-38.3814719883764,142.4981802627086,2019.4738091295756,0.0,219744.1379980258,0.0,538.6789396177894,65.33026509555265,16.3,Warrnambool - North,Warrnambool,Rest of Vic.,5.0,993.7983589
Mack Oval,,,,Western Victoria,-38.38056189937583,142.5010668368728,2287.502407695943,0.0,219472.88805442,0.0,584.6700398445726,53.83249003885686,13.5,Warrnambool - North,Warrnambool,Rest of Vic.,5.0,993.7983589
Friendly Societies Oval,,,,Western Victoria,-38.37581140053926,142.46887984461912,1177.6658326095135,52.79177092381082,222009.89568117366,0.0,334.76375849386574,100.0,48.8,Warrnambool - South,Warrnambool,Rest of Vic.,5.0,998.6073453
Trinity College Colac - Oval,,,,Western Victoria,-38.35079496825928,143.57569570598395,1263.9502299926048,42.006221250924405,131036.87798198033,0.0,233.75189066404545,100.0,43.9,Colac,Colac - Corangamite,Rest of Vic.,2.0,938.8010321
Leura Oval,,,,Western Victoria,-38.24014209707497,143.15221846938556,1254.138524403571,43.23268444955362,160413.31574349673,0.0,843.652009128985,0.0,19.5,Camperdown,Colac - Corangamite,Rest of Vic.,3.0,966.7198922
Cricket-Football,,,,Western Victoria,-36.702925517236935,142.20368574231833,91753.57241969794,0.0,263785.10750899866,0.0,129.04674916477873,100.0,25.0,Horsham,Grampians,Rest of Vic.,4.0,978.1867775
Cricket-Football,,,,Western Victoria,-36.703181448785365,142.20213479430143,91832.18658366054,0.0,263897.47951361304,0.0,105.35377989394247,100.0,25.0,Horsham,Grampians,Rest of Vic.,4.0,978.1867775
College Oval,,,,Western Victoria,-36.71081323174278,142.18340370424957,92444.40610895032,0.0,265037.8183843344,0.0,211.2887826217258,100.0,25.0,Horsham,Grampians,Rest of Vic.,4.0,978.1867775
City Oval,,,,Western Victoria,-36.72128122348281,142.20117498159152,90490.21124454703,0.0,263100.4033403009,0.0,144.840927498585,100.0,25.0,Horsham,Grampians,Rest of Vic.,4.0,978.1867775
Footy/cricket,,,,Western Victoria,-36.74267932638771,141.94949618699926,106509.63310660995,0.0,282629.8382639248,0.0,560.0910846020532,59.977228849486686,15.0,Horsham Surrounds,Grampians,Rest of Vic.,8.0,1049.132435
Footy/cricket,,,,Western Victoria,-38.076215425743726,141.58669396508026,85203.25092566558,0.0,291674.5967952572,0.0,27963.90940964203,0.0,0.0,Glenelg (Vic.),Glenelg - Southern Grampians,Rest of Vic.,4.0,979.0471626
Willaura Oval,,,,Western Victoria,-37.54489668893835,142.7444042722901,33809.9221715311,0.0,190012.5279731409,0.0,181.85621537692532,100.0,25.0,Ararat Surrounds,Grampians,Rest of Vic.,6.0,1019.529458
Melville Oval,,,,Western Victoria,-37.74070984050779,142.02218488765644,81980.54305515432,0.0,251892.77664611128,0.0,225.15769828698032,100.0,25.0,Hamilton (Vic.),Glenelg - Southern Grampians,Rest of Vic.,4.0,983.6221462
Casterton Football Club,,,,Western Victoria,-37.58016922311842,141.40511587279832,129972.14557064642,0.0,307415.7698924599,0.0,55323.98840916681,0.0,0.0,Glenelg (Vic.),Glenelg - Southern Grampians,Rest of Vic.,4.0,979.0471626
Natte Yallock Sports Ground,,,,Western Victoria,-36.93742445355769,143.47045636861992,27308.048783814826,0.0,152595.6758959587,0.0,15931.16200757855,0.0,0.0,Avoca,Maryborough - Pyrenees,Rest of Vic.,2.0,946.5651034
Jack Keane Oval,,,,Western Victoria,-38.29724105227702,142.3670501750769,13618.943003229446,0.0,228267.9058550454,0.0,737.3291386238035,15.667715344049126,3.9,Moyne - West,Warrnambool,Rest of Vic.,7.0,1040.247521
Halls Gap Sports Reserve,,,,Western Victoria,-37.135177631510466,142.52005036999032,40497.44230029468,0.0,219582.4129555538,0.0,22792.841759543957,0.0,0.0,Stawell,Grampians,Rest of Vic.,3.0,951.3747046
Footy/cricket,,,,Western Victoria,-37.152254671326425,142.85129801259555,16321.756678551817,0.0,191052.61776470597,0.0,209.30770868405295,100.0,25.0,Stawell,Grampians,Rest of Vic.,3.0,951.3747046
Woorndoo Recreation Reserve,,,,Western Victoria,-37.8852850964125,142.79955374036578,40220.67182912788,0.0,183540.4880714544,0.0,18685.91374911461,0.0,0.0,Moyne - East,Warrnambool,Rest of Vic.,5.0,1010.519714
Katamatite Football Club,,,,Northern Victoria,-36.0763982,145.6901575,42580.162887087194,0.0,186229.03987736345,0.0,16362.757136749462,0.0,0.0,Moira,Moira,Rest of Vic.,4.0,989.1094972
JC Lowe Oval,,,,Northern Victoria,-36.01218319475763,145.99495447371416,46956.286789449354,0.0,202513.62872654156,0.0,898.312442843663,0.0,0.0,Yarrawonga,Moira,Rest of Vic.,4.0,973.5780707
Benalla Showgrounds Oval,,,,Northern Victoria,-36.55415227668121,145.98031102640275,1112.9803473149536,60.877456585630796,148752.88637327089,0.0,106.07411112310095,100.0,52.4,Benalla,Wangaratta - Benalla,Rest of Vic.,3.0,950.4355162
Footy/cricket,,,,Northern Victoria,-36.72072816955166,144.6918871746562,20463.808860139245,0.0,111511.16109936417,0.0,14957.672199217342,0.0,0.0,Rushworth,Campaspe,Rest of Vic.,2.0,941.3382188
Canterbury Park Oval,,,,Northern Victoria,-36.71554102252546,144.25222844190202,477.55360062181387,100.0,124463.82832154175,0.0,168.0020914510829,100.0,70.0,California Gully - Eaglehawk,Bendigo,Rest of Vic.,2.0,911.877959
Mooroopna Football Netball Club,,,,Northern Victoria,-36.393102627715066,145.3535512121359,788.6448047593806,100.0,144912.39037244028,0.0,249.14968423209234,100.0,70.0,Mooroopna,Shepparton,Rest of Vic.,1.0,889.8430374
Deakin Reserve,,,,Northern Victoria,-36.37697043245529,145.4078692488805,766.6821606398662,100.0,147583.74321692658,0.0,99.46475120832979,100.0,70.0,Shepparton - North,Shepparton,Rest of Vic.,3.0,961.3295204
Oval,,,,Northern Victoria,-36.542640929757326,145.9958726233478,1091.1282927585978,63.60896340517528,150580.55660742006,0.0,331.38325049202814,100.0,53.6,Benalla,Wangaratta - Benalla,Rest of Vic.,3.0,950.4355162
Glenrowan Recreation Reserve,,,,Northern Victoria,-36.465682321167876,146.216390567477,15223.1168854664,0.0,168877.3217532133,0.0,479.48558608951134,80.12860347762216,20.0,Wangaratta Surrounds,Wangaratta - Benalla,Rest of Vic.,7.0,1036.676101
Footy/cricket,,,,Northern Victoria,-35.99587912517952,145.10997034103275,35445.856715058144,0.0,186808.8554799553,0.0,13828.55964185209,0.0,0.0,Numurkah,Moira,Rest of Vic.,3.0,965.6260804
Albert Heaney Oval,,,,Northern Victoria,-36.74866371838118,146.00054046292365,22692.6015710243,0.0,132222.43589375936,0.0,20812.94696383127,0.0,0.0,Benalla Surrounds,Wangaratta - Benalla,Rest of Vic.,6.0,1020.717773
Footy/cricket,,,,Northern Victoria,-36.276184590293035,145.21716143002791,18611.95489224771,0.0,156222.96880754846,0.0,8771.247747090216,0.0,0.0,Shepparton Surrounds - West,Shepparton,Rest of Vic.,4.0,974.6580795
Bridgewater Recreation Reserve,,,,Northern Victoria,-36.60599632588218,143.94555297996823,24258.972352642744,0.0,148909.9611795171,0.0,610.0500101128176,47.48749747179559,11.9,Loddon,Loddon - Elmore,Rest of Vic.,3.0,947.1096165
Cricket-football,,,,Northern Victoria,-36.26591684833937,144.54111788070827,17727.019395128948,0.0,163690.03051359137,0.0,16796.7610673538,0.0,0.0,Lockington - Gunbower,Campaspe,Rest of Vic.,5.0,998.3763426
Cricket-football,,,,Northern Victoria,-35.530039703583185,143.95375209922702,22700.84481562332,0.0,256483.0726032527,0.0,391.7185388236807,100.0,25.0,Gannawarra,Murray River - Swan Hill,Rest of Vic.,4.0,972.1846636
John Foord Oval,2646,,,Northern Victoria,-36.004781379844204,146.39251097501662,21317.857587260172,0.0,220045.09645007402,0.0,622.5974258468842,44.350643538278945,11.1,,,,,
Tyntynder Oval,,,,Northern Victoria,-35.336579421546766,143.55274411131825,1008.080048939708,73.9899938825365,289841.53142614604,0.0,178.72549578428712,100.0,58.3,Swan Hill,Murray River - Swan Hill,Rest of Vic.,3.0,961.2820914
Toolamba Oval,,,,Northern Victoria,-36.49225619626321,145.34331622699676,10418.753260833095,0.0,133921.59067496864,0.0,8814.136040854846,0.0,0.0,Shepparton Surrounds - West,Shepparton,Rest of Vic.,4.0,974.6580795
Numurkah Showgrounds,,,,Northern Victoria,-36.093332702348874,145.4473469332449,32433.762331982613,0.0,179144.17869019596,0.0,25083.282626438206,0.0,0.0,Numurkah,Moira,Rest of Vic.,3.0,965.6260804
Gurnett Oval,,,,Northern Victoria,-35.33399099233268,143.55460430155244,1058.8942493459015,67.63821883176232,290034.98716963705,0.0,156.94373520564363,100.0,55.4,Swan Hill,Murray River - Swan Hill,Rest of Vic.,3.0,961.2820914
Frank Howley Oval,,,,Northern Victoria,-36.446208179455525,145.22939394596554,12677.606070133246,0.0,137539.87903138442,0.0,733.8890897260571,16.527727568485716,4.1,Shepparton Surrounds - West,Shepparton,Rest of Vic.,4.0,974.6580795
Backhaus Oval,,,,Northern Victoria,-36.77318012923911,144.2547002470591,2457.267482047634,0.0,118688.909513673,0.0,191.5347950901968,100.0,25.0,Kangaroo Flat - Golden Square,Bendigo,Rest of Vic.,3.0,951.6009899
Ballantyne Centre,,Tatura Football Club,,Northern Victoria,-36.44490058095995,145.23301030383814,12322.431815973887,0.0,137717.7011372423,0.0,847.1283154227162,0.0,0.0,Shepparton Surrounds - West,Shepparton,Rest of Vic.,4.0,974.6580795
Rumbalara Football,,,,Northern Victoria,-36.353240120548016,145.39738093801088,3478.350039838992,0.0,149979.22280515902,0.0,520.7324460389383,69.81688849026543,17.5,Shepparton - North,Shepparton,Rest of Vic.,3.0,961.3295204
Nagambie Primary School Oval,,,,Northern Victoria,-36.78888669713261,145.15668613764728,501.56533561511515,100.0,99081.8746827159,0.0,24456.616956842776,0.0,45.0,Nagambie,Upper Goulburn Valley,Rest of Vic.,4.0,988.2670639
Glengarry Recreation Reserve Football Club,3854,,,Gippsland / East,-38.1266869,146.5691292,8401.601144595897,0.0,125445.34021282941,0.0,6093.466801577873,0.0,0.0,Yallourn North - Glengarry,Latrobe Valley,Rest of Vic.,5.0,1003.280473
Athletic Field,,,,Gippsland / East,-38.1532616,146.7745019,1146.3464039177913,56.70669951027608,143642.7876270252,0.0,16905.17548052247,0.0,25.5,Rosedale,Wellington,Rest of Vic.,4.0,991.0019614
Athletic Field,,,,Gippsland / East,-38.1527853,146.7721298,1360.465807300609,29.941774087423877,143428.41562294017,0.0,16877.065434487286,0.0,13.5,Rosedale,Wellington,Rest of Vic.,4.0,991.0019614
Lochiel Park,,,,Gippsland / East,-37.71163431023904,148.4550385427383,74028.4344556746,0.0,288654.68953916966,0.0,32116.440408569426,0.0,0.0,Orbost,Gippsland - East,Rest of Vic.,2.0,931.8619841
Fred King Oval,,,,Gippsland / East,-38.126938083322024,146.5701580662708,8404.088653616527,0.0,125539.5224234937,0.0,6091.577991871518,0.0,0.0,Yallourn North - Glengarry,Latrobe Valley,Rest of Vic.,5.0,1003.280473
No. 1 Oval,,,,Gippsland / East,-38.60077638584704,145.5976442446077,41314.76609920234,0.0,90267.72649190918,0.0,250.25887991367682,100.0,25.0,Wonthaggi - Inverloch,Gippsland - South West,Rest of Vic.,4.0,985.9433531
Wesburn Oval,,,,Gippsland / East,-37.77332013129542,145.6491924538351,26531.284114087328,0.0,42144.2100508998,0.0,267.2815024554985,100.0,25.0,Yarra Valley,Yarra Ranges,Greater Melbourne,5.0,995.254956
Bruthen Oval,,,,Gippsland / East,-37.71293624711262,147.83490086627464,22323.588360174937,0.0,234141.29261246906,0.0,616.4171924156836,45.89570189607909,11.5,Bruthen - Omeo,Gippsland - East,Rest of Vic.,5.0,1000.050405
